,Episode,Mean,Stddev
0,0,-74.56,9.33701
1,1,-48.43688,19.34197
2,2,-26.82733,33.36768
3,3,-3.32424,35.65571
4,4,-15.09834,5.1826
5,5,-4.14967,20.2525
6,6,-8.9775,23.04721
7,7,-10.18188,23.45587
8,8,-9.26066,22.93871
9,9,-7.60827,22.32437
10,10,-16.30015,5.43046
11,11,-20.93401,4.8496
12,12,-8.29872,22.66506
13,13,-20.51363,4.9881
14,14,-17.29543,4.26887
15,15,-16.99302,6.6748
16,16,-19.75493,6.59606
17,17,-15.42908,6.06162
18,18,-3.42065,19.99168
19,19,12.96833,28.64402
20,20,-6.40609,21.67121
21,21,-18.80192,7.20123
22,22,-3.56229,20.05119
23,23,-19.40529,4.616
24,24,-14.24141,3.59103
25,25,-18.87013,7.90525
26,26,-6.30586,21.75434
27,27,-16.09194,4.34647
28,28,-16.40405,4.82205
29,29,-22.26772,5.55752
30,30,-9.84793,24.14593
31,31,-16.4039,3.86036
32,32,-3.81409,20.2034
33,33,-15.22309,4.59154
34,34,-17.38988,5.99395
35,35,14.06003,27.51465
36,36,2.54174,28.08246
37,37,-8.63289,23.29703
38,38,-17.38237,6.4219
39,39,-18.2988,5.25588
40,40,-20.37628,5.01444
41,41,-19.02346,5.99399
42,42,-17.40241,5.29506
43,43,-19.37842,5.44059
44,44,-9.55541,23.55472
45,45,-16.597,4.64755
46,46,-21.53945,5.24668
47,47,-18.08691,6.99794
48,48,-21.16205,4.13919
49,49,-22.67996,5.31251
50,50,-11.73438,24.27673
51,51,-16.1134,5.35049
52,52,-21.18552,7.49108
53,53,-5.14216,21.00325
54,54,-15.19304,4.57459
55,55,-4.90963,20.79442
56,56,-20.64785,5.99626
57,57,-5.083,21.34205
58,58,-14.29419,3.55714
59,59,-23.21943,1.88144
60,60,-17.10469,6.7853
61,61,-12.42302,29.70034
62,62,-33.92347,41.68974
63,63,-34.05022,17.84102
64,64,-51.42736,41.76944
65,65,-12.62055,29.25324
66,66,-24.69472,33.33536
67,67,8.69889,36.4836
68,68,-14.62495,41.9611
69,69,-15.23816,42.25229
70,70,19.37609,34.24782
71,71,-8.971,38.29954
72,72,9.35768,35.29489
73,73,2.13724,42.08762
74,74,-31.44069,34.0356
75,75,19.35561,34.28878
76,76,19.47775,34.0445
77,77,19.36207,34.27586
78,78,-7.1883,38.42733
79,79,36.5,0
80,80,19.16483,34.67033
81,81,2.16122,42.05652
82,82,18.97256,35.05488
83,83,1.10224,43.35353
84,84,5.20811,39.75705
85,85,18.84091,35.31817
86,86,18.05934,36.88132
87,87,36.5,0
88,88,18.21877,36.56246
89,89,36.5,0
90,90,18.74311,35.51378
91,91,-0.69252,45.58508
92,92,19.49807,34.00386
93,93,17.70994,37.58012
94,94,-19.27782,46.46187
95,95,-2.30539,47.77627
96,96,18.35816,36.28368
97,97,10.65938,51.68125
98,98,17.76365,37.47271
99,99,2.31395,48.22232
100,100,36.5,0
101,101,36.5,0
102,102,18.05618,36.88764
103,103,36.5,0
104,104,36.5,0
105,105,36.5,0
106,106,12.10797,48.78407
107,107,-7.13645,53.61911
108,108,36.5,0
109,109,36.5,0
110,110,17.66498,37.67005
111,111,36.5,0
112,112,23.75316,25.49367
113,113,22.50016,27.99969
114,114,19.07493,34.85014
115,115,17.44819,38.10363
116,116,5.1813,39.53756
117,117,36.5,0
118,118,36.5,0
119,119,17.6677,37.66459
120,120,36.5,0
121,121,36.5,0
122,122,36.5,0
123,123,36.5,0
124,124,36.5,0
125,125,17.66056,37.67889
126,126,36.5,0
127,127,36.5,0
128,128,36.5,0
129,129,18.3634,36.2732
130,130,25.18154,22.63692
131,131,25.02965,22.94071
132,132,36.5,0
133,133,36.5,0
134,134,25.95594,21.08811
135,135,36.5,0
136,136,36.5,0
137,137,36.5,0
138,138,16.92423,39.15154
139,139,36.5,0
140,140,36.5,0
141,141,36.5,0
142,142,36.5,0
143,143,26.56701,19.86599
144,144,16.02638,40.94724
145,145,36.5,0
146,146,8.58019,55.83961
147,147,36.5,0
148,148,36.5,0
149,149,36.5,0
150,150,36.5,0
151,151,36.5,0
152,152,36.5,0
153,153,36.5,0
154,154,36.5,0
155,155,36.5,0
156,156,6.31756,60.36489
157,157,36.5,0
158,158,16.3631,40.27381
159,159,7.37107,38.21196
160,160,36.5,0
161,161,36.5,0
162,162,36.5,0
163,163,36.5,0
164,164,15.17449,42.65102
165,165,16.75769,39.48461
166,166,36.5,0
167,167,36.5,0
168,168,36.5,0
169,169,16.44158,40.11684
170,170,17.54985,37.90031
171,171,36.5,0
172,172,36.5,0
173,173,36.5,0
174,174,36.5,0
175,175,36.5,0
176,176,36.4,0.2
177,177,36.5,0
178,178,6.30102,60.39796
179,179,36.5,0
180,180,20.01971,32.96058
181,181,36.5,0
182,182,19.08939,34.82122
183,183,36.5,0
184,184,36.5,0
185,185,36.5,0
186,186,36.5,0
187,187,26.66681,19.66638
188,188,36.5,0
189,189,36.5,0
190,190,36.5,0
191,191,18.55995,35.88011
192,192,36.5,0
193,193,36.5,0
194,194,36.5,0
195,195,15.81886,41.36228
196,196,6.17965,60.6407
197,197,36.5,0
198,198,11.09906,50.80188
199,199,36.5,0
200,200,36.5,0
201,201,36.5,0
202,202,36.5,0
203,203,36.5,0
204,204,36.5,0
205,205,36.5,0
206,206,26.15399,20.69203
207,207,6.45795,60.08411
208,208,8.6366,55.72679
209,209,36.5,0
210,210,36.5,0
211,211,-2.42182,47.69043
212,212,36.4,0.2
213,213,17.90337,37.19326
214,214,-2.78446,48.18163
215,215,3.49554,66.00892
216,216,36.5,0
217,217,36.4,0.2
218,218,17.20921,38.58158
219,219,36.5,0
220,220,10.09457,52.81086
221,221,36.5,0
222,222,36.5,0
223,223,36.5,0
224,224,36.5,0
225,225,36.5,0
226,226,36.5,0
227,227,36.4,0.2
228,228,36.5,0
229,229,36.2,0.24495
230,230,4.31994,63.86051
231,231,26.20352,19.34393
232,232,26.40253,19.4459
233,233,20.22545,32.29968
234,234,18.64156,35.71687
235,235,17.33018,38.33964
236,236,16.78599,38.6785
237,237,36.5,0
238,238,36.4,0.2
239,239,19.93861,33.12279
240,240,36.5,0
241,241,26.5895,19.82099
242,242,36.5,0
243,243,36.5,0
244,244,23.30015,25.39969
245,245,25.95909,20.08182
246,246,8.04111,37.10067
247,247,36.2,0.24495
248,248,36.4,0.2
249,249,23.41407,25.67282
250,250,26.74772,19.50456
251,251,14.85823,43.28353
252,252,36.5,0
253,253,36.5,0
254,254,17.07327,38.85347
255,255,36.5,0
256,256,15.75249,41.49502
257,257,23.56829,25.86341
258,258,36.5,0
259,259,36.4,0.2
260,260,36.3,0.24495
261,261,-2.41953,47.76596
262,262,-11.62654,62.41618
263,263,36.4,0.2
264,264,36.5,0
265,265,36.5,0
266,266,16.60999,39.78003
267,267,25.52027,21.95946
268,268,-8.40907,60.2625
269,269,36.5,0
270,270,-9.22616,59.20827
271,271,26.96394,18.82311
272,272,36.5,0
273,273,27.00881,18.98237
274,274,36.4,0.2
275,275,36.3,0.24495
276,276,6.16674,60.66652
277,277,15.85008,41.29985
278,278,36.3,0.24495
279,279,36.5,0
280,280,23.69596,25.60808
281,281,36.5,0
282,282,36.5,0
283,283,36.4,0.2
284,284,17.54774,37.65502
285,285,36.2,0.24495
286,286,36.5,0
287,287,20.93369,30.88323
288,288,36.5,0
289,289,8.18114,56.63772
290,290,36.5,0
291,291,36.3,0.24495
292,292,36.4,0.2
293,293,16.04568,40.90864
294,294,20.03698,32.42682
295,295,36.4,0.2
296,296,8.24293,56.51413
297,297,-10.27963,38.9439
298,298,36.4,0.2
299,299,36.4,0.2
300,300,36.5,0
301,301,8.73902,34.0228
302,302,36.5,0
303,303,36.5,0
304,304,36.5,0
305,305,-5.81072,51.72113
306,306,36.5,0
307,307,19.63406,33.73189
308,308,-12.08385,39.89838
309,309,36.3,0.24495
310,310,36.4,0.2
311,311,36.4,0.2
312,312,36.5,0
313,313,36.5,0
314,314,36.5,0
315,315,36.4,0.2
316,316,16.70717,38.58567
317,317,21.80289,29.14486
318,318,-5.9854,51.69819
319,319,36.3,0.24495
320,320,36.3,0.24495
321,321,36.5,0
322,322,-1.5459,46.78785
323,323,18.91182,35.17635
324,324,17.76389,37.47222
325,325,36.5,0
326,326,26.13456,20.73088
327,327,25.38702,22.22597
328,328,36.5,0
329,329,36.5,0
330,330,18.85057,35.29886
331,331,25.689,21.62201
332,332,36.5,0
333,333,-3.39763,38.15301
334,334,36.5,0
335,335,23.75073,25.49855
336,336,11.97155,49.0569
337,337,36.5,0
338,338,36.5,0
339,339,23.20329,26.59341
340,340,36.5,0
341,341,36.5,0
342,342,36.5,0
343,343,36.5,0
344,344,36.4,0.2
345,345,36.4,0.2
346,346,36.5,0
347,347,36.5,0
348,348,18.89349,35.21302
349,349,36.5,0
350,350,36.5,0
351,351,36.5,0
352,352,36.5,0
353,353,26.36003,20.27995
354,354,23.78689,25.42621
355,355,36.5,0
356,356,3.17605,66.64791
357,357,16.69646,39.60709
358,358,36.5,0
359,359,36.5,0
360,360,15.99623,41.00755
361,361,36.5,0
362,362,7.45126,37.88756
363,363,36.5,0
364,364,36.5,0
365,365,36.5,0
366,366,17.69998,37.60005
367,367,36.5,0
368,368,36.5,0
369,369,36.5,0
370,370,36.5,0
371,371,23.52576,25.94847
372,372,36.5,0
373,373,36.5,0
374,374,36.5,0
375,375,36.5,0
376,376,36.5,0
377,377,36.5,0
378,378,36.5,0
379,379,36.5,0
380,380,36.5,0
381,381,36.5,0
382,382,36.5,0
383,383,36.5,0
384,384,17.36308,38.27385
385,385,-4.02862,49.66156
386,386,36.5,0
387,387,36.5,0
388,388,36.5,0
389,389,36.5,0
390,390,20.16392,32.67215
391,391,36.5,0
392,392,36.5,0
393,393,26.25138,20.49724
394,394,15.26731,42.46537
395,395,23.62326,25.75348
396,396,20.85057,31.29887
397,397,36.5,0
398,398,36.5,0
399,399,36.5,0
400,400,16.23149,40.53702
401,401,22.71577,27.56847
402,402,36.5,0
403,403,36.5,0
404,404,13.40609,28.61264
405,405,36.5,0
406,406,36.5,0
407,407,36.5,0
408,408,36.5,0
409,409,36.5,0
410,410,36.5,0
411,411,36.5,0
412,412,36.5,0
413,413,36.5,0
414,414,19.81269,33.37463
415,415,36.5,0
416,416,36.5,0
417,417,12.08127,29.9106
418,418,36.5,0
419,419,36.5,0
420,420,36.5,0
421,421,36.5,0
422,422,24.97752,23.04496
423,423,36.5,0
424,424,36.5,0
425,425,25.13938,22.72124
426,426,36.5,0
427,427,36.5,0
428,428,36.5,0
429,429,19.88006,33.23988
430,430,36.5,0
431,431,0.47263,29.63755
432,432,36.5,0
433,433,24.13266,24.73468
434,434,36.5,0
435,435,36.5,0
436,436,36.5,0
437,437,16.41785,40.16431
438,438,23.09904,26.80191
439,439,24.26506,24.46988
440,440,36.5,0
441,441,36.5,0
442,442,24.8937,23.21259
443,443,26.49802,20.00397
444,444,36.5,0
445,445,36.5,0
446,446,17.92115,37.1577
447,447,18.6195,35.761
448,448,23.59921,25.80159
449,449,36.5,0
450,450,36.5,0
451,451,36.5,0
452,452,24.40732,24.18537
453,453,24.47945,24.0411
454,454,22.72755,27.54489
455,455,24.24818,24.50363
456,456,36.5,0
457,457,-12.24079,25.26506
458,458,36.5,0
459,459,18.54364,22.33256
460,460,36.5,0
461,461,15.67132,41.65736
462,462,36.5,0
463,463,36.5,0
464,464,36.5,0
465,465,36.5,0
466,466,36.5,0
467,467,17.47501,38.04997
468,468,36.5,0
469,469,23.17834,26.64332
470,470,36.5,0
471,471,36.5,0
472,472,36.5,0
473,473,36.5,0
474,474,14.44096,27.05612
475,475,36.5,0
476,476,11.44814,30.70673
477,477,36.5,0
478,478,36.5,0
479,479,14.3594,27.12234
480,480,36.5,0
481,481,16.45855,26.27253
482,482,36.5,0
483,483,36.5,0
484,484,36.5,0
485,485,36.5,0
486,486,36.5,0
487,487,23.73022,25.53956
488,488,36.5,0
489,489,24.00047,24.99906
490,490,36.5,0
491,491,36.5,0
492,492,24.54525,23.90949
493,493,36.5,0
494,494,36.5,0
495,495,36.5,0
496,496,36.5,0
497,497,2.9968,29.25668
498,498,11.2659,21.20851
499,499,-16.93424,27.19082
500,500,-0.55855,30.44441
501,501,36.5,0
502,502,12.57954,29.31633
503,503,36.5,0
504,504,36.5,0
505,505,36.5,0
506,506,14.30913,44.38174
507,507,36.5,0
508,508,36.5,0
509,509,23.63157,25.73686
510,510,36.5,0
511,511,36.5,0
512,512,36.5,0
513,513,36.5,0
514,514,36.5,0
515,515,36.5,0
516,516,36.5,0
517,517,36.5,0
518,518,36.5,0
519,519,36.5,0
520,520,36.5,0
521,521,36.5,0
522,522,15.36143,42.27714
523,523,36.5,0
524,524,36.5,0
525,525,12.13846,29.87549
526,526,25.77526,21.44947
527,527,26.65966,19.68068
528,528,36.5,0
529,529,36.5,0
530,530,36.5,0
531,531,36.5,0
532,532,36.5,0
533,533,36.5,0
534,534,36.5,0
535,535,-8.48757,23.0421
536,536,36.5,0
537,537,36.5,0
538,538,16.56455,39.8709
539,539,36.5,0
540,540,36.5,0
541,541,36.5,0
542,542,36.5,0
543,543,36.5,0
544,544,36.5,0
545,545,36.5,0
546,546,36.5,0
547,547,36,0
548,548,36.4,0.2
549,549,36.1,0.2
550,550,36.2,0.24495
551,551,36.4,0.2
552,552,36.2,0.24495
553,553,36.5,0
554,554,36.5,0
555,555,36.3,0.24495
556,556,36.1,0.2
557,557,36.3,0.24495
558,558,36.4,0.2
559,559,36.4,0.2
560,560,17.01634,38.96732
561,561,36.5,0
562,562,36.5,0
563,563,36.5,0
564,564,36.5,0
565,565,36.5,0
566,566,36.5,0
567,567,36.5,0
568,568,36.5,0
569,569,36.4,0.2
570,570,36.3,0.24495
571,571,36.5,0
572,572,36.4,0.2
573,573,36.5,0
574,574,36.4,0.2
575,575,36.4,0.2
576,576,36.5,0
577,577,36.5,0
578,578,17.44814,38.10372
579,579,36.5,0
580,580,36.5,0
581,581,36.5,0
582,582,36.5,0
583,583,36.5,0
584,584,36.5,0
585,585,36.5,0
586,586,36.5,0
587,587,36.1,0.2
588,588,36.2,0.4
589,589,13.46184,46.07633
590,590,36.5,0
591,591,36.1,0.2
592,592,36.2,0.4
593,593,36.5,0
594,594,36.5,0
595,595,36.5,0
596,596,36.4,0.2
597,597,36.5,0
598,598,36.5,0
599,599,36.5,0
600,600,36.5,0
601,601,18.24987,36.50027
602,602,23.7008,25.59839
603,603,36.5,0
604,604,36.5,0
605,605,36.5,0
606,606,36.5,0
607,607,36.2,0.24495
608,608,36.4,0.2
609,609,23.81371,24.87358
610,610,36.4,0.2
611,611,36.5,0
612,612,14.99057,26.10455
613,613,36.2,0.24495
614,614,36.3,0.4
615,615,36.4,0.2
616,616,36.5,0
617,617,36.3,0.24495
618,618,36.3,0.24495
619,619,36.3,0.24495
620,620,36.2,0.4
621,621,36.4,0.2
622,622,36.5,0
623,623,36.4,0.2
624,624,36.3,0.24495
625,625,23.1034,26.29416
626,626,36.5,0
627,627,36.3,0.24495
628,628,36.4,0.2
629,629,36.4,0.2
630,630,36.5,0
631,631,36.1,0.2
632,632,36.1,0.2
633,633,36.4,0.2
634,634,36.3,0.24495
635,635,36.5,0
636,636,36.5,0
637,637,36.5,0
638,638,36.5,0
639,639,36.5,0
640,640,36.5,0
641,641,36.5,0
642,642,36.5,0
643,643,36.5,0
644,644,36.5,0
645,645,36.5,0
646,646,36.5,0
647,647,36.5,0
648,648,36.5,0
649,649,36.5,0
650,650,36.5,0
651,651,36.5,0
652,652,36.5,0
653,653,36.5,0
654,654,36.5,0
655,655,36.5,0
656,656,36.5,0
657,657,36.5,0
658,658,36.2,0.24495
659,659,36.3,0.24495
660,660,36.3,0.24495
661,661,36.3,0.24495
662,662,36.4,0.2
663,663,36,0
664,664,36.5,0
665,665,22.79609,27.15852
666,666,36.2,0.24495
667,667,36.4,0.2
668,668,36.3,0.24495
669,669,36.3,0.24495
670,670,36.5,0
671,671,36.5,0
672,672,36.4,0.2
673,673,36.2,0.24495
674,674,36.4,0.2
675,675,36.3,0.24495
676,676,36.5,0
677,677,36.4,0.2
678,678,36.5,0
679,679,36.3,0.24495
680,680,15.29593,42.15858
681,681,36.3,0.24495
682,682,36.1,0.37417
683,683,35.8,0.24495
684,684,3.8782,64.99389
685,685,36.3,0.24495
686,686,36.5,0
687,687,36.2,0.24495
688,688,36.5,0
689,689,36.5,0
690,690,36.5,0
691,691,36.5,0
692,692,36.5,0
693,693,36.5,0
694,694,36.5,0
695,695,36.5,0
696,696,36.5,0
697,697,36.5,0
698,698,36.5,0
699,699,36.5,0
700,700,36.5,0
701,701,36.5,0
702,702,36.5,0
703,703,36.5,0
704,704,36.5,0
705,705,36.5,0
706,706,36.5,0
707,707,36.5,0
708,708,36.5,0
709,709,36.5,0
710,710,36.5,0
711,711,1.35758,43.06579
712,712,36.5,0
713,713,17.39426,38.21147
714,714,18.12534,36.74932
715,715,6.42038,60.15924
716,716,36.5,0
717,717,36.5,0
718,718,16.80018,39.39964
719,719,23.77403,25.45194
720,720,36.5,0
721,721,36.5,0
722,722,36.5,0
723,723,36.5,0
724,724,26.72495,19.55011
725,725,36.5,0
726,726,36.5,0
727,727,36.5,0
728,728,36.5,0
729,729,36.5,0
730,730,36.5,0
731,731,36.5,0
732,732,36.5,0
733,733,36.5,0
734,734,17.83783,37.32435
735,735,36.5,0
736,736,36.5,0
737,737,36.5,0
738,738,36.5,0
739,739,36.5,0
740,740,36.3,0.24495
741,741,36.4,0.2
742,742,36.2,0.24495
743,743,36.5,0
744,744,15.6168,41.7664
745,745,36.4,0.2
746,746,12.00111,29.90671
747,747,36.5,0
748,748,36.4,0.2
749,749,36.5,0
750,750,36.5,0
751,751,36.3,0.24495
752,752,36.1,0.2
753,753,36.1,0.37417
754,754,36.5,0
755,755,36.3,0.24495
756,756,36.1,0.2
757,757,36.5,0
758,758,36.4,0.2
759,759,36.5,0
760,760,36.4,0.2
761,761,36.4,0.2
762,762,16.05327,41.14392
763,763,36.7,0.24495
764,764,36.7,0.24495
765,765,36.7,0.24495
766,766,36.7,0.24495
767,767,25.42637,22.64837
768,768,36.8,0.24495
769,769,36.5,0
770,770,36.5,0
771,771,36.6,0.2
772,772,36.5,0.31623
773,773,36.3,0.24495
774,774,36.5,0
775,775,36.5,0.31623
776,776,23.13752,26.72682
777,777,36.5,0.31623
778,778,36.6,0.2
779,779,36.5,0
780,780,23.89389,25.46295
781,781,36.9,0.2
782,782,37,0
783,783,36.8,0.24495
784,784,36.8,0.24495
785,785,36.9,0.2
786,786,36.8,0.24495
787,787,36.7,0.4
788,788,36.5,0.31623
789,789,36.5,0
790,790,36.5,0
791,791,36.5,0
792,792,36.5,0
793,793,36.5,0
794,794,36,0.54772
795,795,36.1,0.37417
796,796,23.67823,25.39428
797,797,36.4,0.2
798,798,36.2,0.24495
799,799,36.3,0.24495
800,800,36.5,0
801,801,35.6,0.5831
802,802,36,0
803,803,36.3,0.24495
804,804,36.2,0.24495
805,805,36.2,0.24495
806,806,36.3,0.24495
807,807,36.1,0.2
808,808,36.1,0.2
809,809,36.3,0.24495
810,810,36.1,0.2
811,811,17.78645,36.67897
812,812,36.5,0
813,813,36,0.31623
814,814,35.9,0.2
815,815,35.9,0.2
816,816,35.8,0.24495
817,817,36.1,0.37417
818,818,36,0
819,819,36.1,0.2
820,820,36.5,0
821,821,36.1,0.2
822,822,35.9,0.2
823,823,36.1,0.2
824,824,36.1,0.2
825,825,36.1,0.2
826,826,36.3,0.24495
827,827,25.32437,21.60213
828,828,35.8,0.67823
829,829,36.2,0.24495
830,830,36.1,0.2
831,831,22.39855,27.2029
832,832,36.1,0.2
833,833,36.2,0.24495
834,834,36.2,0.24495
835,835,36.2,0.24495
836,836,36,0.31623
837,837,36,0
838,838,35.9,0.2
839,839,35.8,0.4
840,840,35.9,0.5831
841,841,6.16689,59.91654
842,842,35.9,0.4899
843,843,36.5,0
844,844,25.563,21.874
845,845,36.5,0
846,846,36.5,0
847,847,36.5,0
848,848,36.5,0
849,849,36.5,0
850,850,5.93519,61.12962
851,851,36.5,0
852,852,36.5,0
853,853,17.22039,38.05988
854,854,36.2,0.4
855,855,36.3,0.24495
856,856,35.9,0.2
857,857,17.67664,37.1474
858,858,36.5,0
859,859,36,0
860,860,36.3,0.24495
861,861,36.4,0.2
862,862,36.5,0
863,863,23.17757,26.64486
864,864,36.3,0.24495
865,865,36.5,0
866,866,16.76162,39.47675
867,867,36.5,0
868,868,36.5,0
869,869,36.5,0
870,870,36.5,0
871,871,36.5,0
872,872,36.5,0
873,873,36.5,0
874,874,36.5,0
875,875,18.0625,36.87501
876,876,13.39212,46.21576
877,877,36.8,0.24495
878,878,36.9,0.2
879,879,6.40313,37.9657
880,880,36.9,0.2
881,881,36.9,0.2
882,882,23.54972,26.65127
883,883,36.8,0.24495
884,884,36.9,0.2
885,885,37,0
886,886,36.9,0.2
887,887,37,0
888,888,36.9,0.2
889,889,36.9,0.2
890,890,36.7,0.24495
891,891,37,0
892,892,37,0
893,893,36.8,0.24495
894,894,36.4,0.37417
895,895,36.9,0.2
896,896,37,0
897,897,37,0
898,898,36.9,0.2
899,899,37,0
900,900,23.3039,27.1429
901,901,37,0
902,902,19.10126,35.548
903,903,37,0
904,904,37,0
905,905,19.62138,34.75725
906,906,36.8,0.24495
907,907,4.00132,40.78281
908,908,37,0
909,909,36.9,0.2
910,910,36.9,0.2
911,911,36.8,0.24495
912,912,36.6,0.2
913,913,36.5,0
914,914,36.5,0
915,915,36.5,0
916,916,36.5,0
917,917,36.5,0
918,918,36.5,0
919,919,36.5,0
920,920,36.5,0
921,921,36.5,0
922,922,36.5,0
923,923,36.5,0
924,924,36.5,0
925,925,36.5,0
926,926,36.5,0
927,927,36.5,0
928,928,36.5,0
929,929,36.5,0
930,930,36.5,0
931,931,36.5,0
932,932,36.5,0
933,933,36.5,0
934,934,36.5,0
935,935,36.5,0
936,936,36.5,0
937,937,22.9885,27.02299
938,938,36.5,0
939,939,36.5,0
940,940,36.5,0
941,941,36.5,0
942,942,36.5,0
943,943,36.5,0
944,944,36.5,0
945,945,36.5,0
946,946,36.5,0
947,947,36.5,0
948,948,36.5,0
949,949,24.82897,23.34207
950,950,36.5,0
951,951,36.5,0
952,952,36.5,0
953,953,17.55368,37.89263
954,954,36.5,0
955,955,36.5,0
956,956,36.5,0
957,957,36.5,0
958,958,36.5,0
959,959,36.5,0
960,960,36.5,0
961,961,36.5,0
962,962,36.5,0
963,963,36.5,0
964,964,36.5,0
965,965,36.5,0
966,966,36.5,0
967,967,36.5,0
968,968,36.5,0
969,969,36.5,0
970,970,36.5,0
971,971,24.75974,23.48052
972,972,36.5,0
973,973,36.5,0
974,974,36.5,0
975,975,36.5,0
976,976,36.5,0
977,977,36.5,0
978,978,36.5,0
979,979,36.5,0
980,980,13.74544,45.50913
981,981,36.5,0
982,982,36.5,0
983,983,36.5,0
984,984,14.72505,43.54991
985,985,36.5,0
986,986,26.80405,19.3919
987,987,36.5,0
988,988,26.80381,19.39237
989,989,36.5,0
990,990,36.5,0
991,991,22.29038,28.41923
992,992,36.5,0
993,993,36.5,0
994,994,36.5,0
995,995,36.5,0
996,996,26.29164,20.41673
997,997,36.5,0
998,998,36.5,0
999,999,36.5,0
1000,1000,36.5,0
1001,1001,36.5,0
1002,1002,36.5,0
1003,1003,36.5,0
1004,1004,36.5,0
1005,1005,36.5,0
1006,1006,36.5,0
1007,1007,36.5,0
1008,1008,36.5,0
1009,1009,36.5,0
1010,1010,36.5,0
1011,1011,36.5,0
1012,1012,36.5,0
1013,1013,36.5,0
1014,1014,26.86018,19.27964
1015,1015,36.5,0
1016,1016,36.5,0
1017,1017,36.5,0
1018,1018,36.5,0
1019,1019,36.5,0
1020,1020,36.5,0
1021,1021,36.5,0
1022,1022,36.5,0
1023,1023,36.5,0
1024,1024,36.5,0
1025,1025,36.5,0
1026,1026,6.92364,24.16747
1027,1027,36.5,0
1028,1028,17.11753,23.73968
1029,1029,36.5,0
1030,1030,36.5,0
1031,1031,26.74421,19.51157
1032,1032,36.5,0
1033,1033,36.5,0
1034,1034,36.5,0
1035,1035,36.5,0
1036,1036,36.5,0
1037,1037,26.84903,19.30194
1038,1038,26.89354,19.21293
1039,1039,36.4,0.2
1040,1040,36.5,0
1041,1041,36.5,0
1042,1042,36.5,0
1043,1043,36.5,0
1044,1044,36.4,0.2
1045,1045,36.5,0
1046,1046,36.5,0
1047,1047,36.5,0
1048,1048,36.5,0
1049,1049,36.5,0
1050,1050,36.5,0
1051,1051,36.5,0
1052,1052,36.5,0
1053,1053,36.5,0
1054,1054,36.5,0
1055,1055,36.5,0
1056,1056,36.5,0
1057,1057,36.5,0
1058,1058,36.5,0
1059,1059,36.5,0
1060,1060,36.5,0
1061,1061,36.5,0
1062,1062,36.5,0
1063,1063,36.5,0
1064,1064,26.95992,19.08017
1065,1065,36.5,0
1066,1066,36.5,0
1067,1067,36.5,0
1068,1068,36.5,0
1069,1069,36.5,0
1070,1070,36.5,0
1071,1071,26.90943,19.18115
1072,1072,26.81809,19.36383
1073,1073,36.5,0
1074,1074,36.5,0
1075,1075,36.5,0
1076,1076,36.5,0
1077,1077,36.5,0
1078,1078,36.5,0
1079,1079,36.5,0
1080,1080,36.5,0
1081,1081,36.5,0
1082,1082,36.5,0
1083,1083,25.44994,22.10013
1084,1084,36.5,0
1085,1085,36.5,0
1086,1086,36.5,0
1087,1087,36.5,0
1088,1088,36.5,0
1089,1089,36.5,0
1090,1090,36.5,0
1091,1091,36.5,0
1092,1092,13.20192,28.92113
1093,1093,36.5,0
1094,1094,22.4,28.2
1095,1095,23.43557,26.12885
1096,1096,36.5,0
1097,1097,26.11807,20.76387
1098,1098,36.5,0
1099,1099,22.62699,27.74603
1100,1100,36.5,0
1101,1101,36.5,0
1102,1102,36.5,0
1103,1103,36.5,0
1104,1104,36.5,0
1105,1105,36.5,0
1106,1106,23.40379,26.19242
1107,1107,36.5,0
1108,1108,36.5,0
1109,1109,36.5,0
1110,1110,36.5,0
1111,1111,36.5,0
1112,1112,36.5,0
1113,1113,36.5,0
1114,1114,36.5,0
1115,1115,36.5,0
1116,1116,36.5,0
1117,1117,36.5,0
1118,1118,36.5,0
1119,1119,36.5,0
1120,1120,36.5,0
1121,1121,36.5,0
1122,1122,36.5,0
1123,1123,36.5,0
1124,1124,20.06819,32.86361
1125,1125,36.5,0
1126,1126,36.5,0
1127,1127,26.09684,20.80631
1128,1128,36.5,0
1129,1129,36.5,0
1130,1130,23.84154,25.31693
1131,1131,36.5,0
1132,1132,36.5,0
1133,1133,36.5,0
1134,1134,36.5,0
1135,1135,23.44413,26.11174
1136,1136,36.5,0
1137,1137,36.5,0
1138,1138,23.62997,25.74005
1139,1139,36.5,0
1140,1140,36.5,0
1141,1141,36.5,0
1142,1142,26.84333,19.31334
1143,1143,36.5,0
1144,1144,36.5,0
1145,1145,36.5,0
1146,1146,36.5,0
1147,1147,9.84619,32.6499
1148,1148,36.5,0
1149,1149,36.5,0
1150,1150,36.5,0
1151,1151,36.5,0
1152,1152,36.5,0
1153,1153,36.5,0
1154,1154,36.5,0
1155,1155,36.5,0
1156,1156,36.5,0
1157,1157,36.5,0
1158,1158,26.88585,19.22831
1159,1159,16.61906,24.35317
1160,1160,36.5,0
1161,1161,16.68065,39.63869
1162,1162,36.5,0
1163,1163,16.21453,24.88546
1164,1164,36.5,0
1165,1165,25.55281,21.89439
1166,1166,26.20294,20.59412
1167,1167,36.5,0
1168,1168,36.5,0
1169,1169,36.5,0
1170,1170,36.5,0
1171,1171,36.5,0
1172,1172,36.5,0
1173,1173,16.65731,39.68539
1174,1174,36.5,0
1175,1175,36.5,0
1176,1176,36.5,0
1177,1177,23.10283,26.79434
1178,1178,25.83198,21.33604
1179,1179,36.5,0
1180,1180,36.5,0
1181,1181,36.5,0
1182,1182,15.00078,42.99844
1183,1183,36.5,0
1184,1184,36.5,0
1185,1185,36.5,0
1186,1186,36.5,0
1187,1187,36.5,0
1188,1188,36.5,0
1189,1189,36.5,0
1190,1190,36.5,0
1191,1191,36.5,0
1192,1192,36.5,0
1193,1193,36.5,0
1194,1194,36.5,0
1195,1195,27.04298,18.91403
1196,1196,36.5,0
1197,1197,36.5,0
1198,1198,36.5,0
1199,1199,36.5,0
1200,1200,26.30208,20.39584
1201,1201,36.5,0
1202,1202,36.5,0
1203,1203,36.5,0
1204,1204,36.5,0
1205,1205,36.5,0
1206,1206,36.5,0
1207,1207,36.5,0
1208,1208,23.09802,26.80395
1209,1209,36.5,0
1210,1210,36.5,0
1211,1211,36.5,0
1212,1212,23.0407,26.91861
1213,1213,36.5,0
1214,1214,36.5,0
1215,1215,36.5,0
1216,1216,36.5,0
1217,1217,36.5,0
1218,1218,26.24423,20.51153
1219,1219,36.5,0
1220,1220,36.5,0
1221,1221,36.5,0
1222,1222,36.5,0
1223,1223,36.5,0
1224,1224,36.5,0
1225,1225,36.5,0
1226,1226,36.5,0
1227,1227,36.5,0
1228,1228,36.5,0
1229,1229,36.5,0
1230,1230,36.5,0
1231,1231,36.5,0
1232,1232,36.5,0
1233,1233,36.5,0
1234,1234,36.5,0
1235,1235,36.5,0
1236,1236,36.5,0
1237,1237,36.5,0
1238,1238,36.5,0
1239,1239,36.5,0
1240,1240,36.5,0
1241,1241,36.5,0
1242,1242,36.5,0
1243,1243,36.5,0
1244,1244,17.39623,38.20753
1245,1245,36.5,0
1246,1246,36.5,0
1247,1247,36.5,0
1248,1248,36.5,0
1249,1249,36.5,0
1250,1250,36.5,0
1251,1251,26.69539,19.60921
1252,1252,36.5,0
1253,1253,36.5,0
1254,1254,36.5,0
1255,1255,36.5,0
1256,1256,36.5,0
1257,1257,36.5,0
1258,1258,15.85133,41.29734
1259,1259,36.5,0
1260,1260,36.5,0
1261,1261,36.5,0
1262,1262,36.5,0
1263,1263,36.5,0
1264,1264,36.5,0
1265,1265,36.5,0
1266,1266,36.5,0
1267,1267,36.5,0
1268,1268,36.5,0
1269,1269,36.5,0
1270,1270,25.84394,21.31212
1271,1271,36.5,0
1272,1272,36.5,0
1273,1273,36.5,0
1274,1274,36.5,0
1275,1275,36.5,0
1276,1276,36.5,0
1277,1277,36.5,0
1278,1278,36.5,0
1279,1279,36.5,0
1280,1280,36.5,0
1281,1281,36.5,0
1282,1282,36.5,0
1283,1283,36.5,0
1284,1284,36.5,0
1285,1285,36.5,0
1286,1286,36.5,0
1287,1287,36.5,0
1288,1288,36.5,0
1289,1289,36.5,0
1290,1290,25.29824,22.40351
1291,1291,22.60349,27.79302
1292,1292,36.5,0
1293,1293,36.5,0
1294,1294,36.5,0
1295,1295,36.5,0
1296,1296,36.5,0
1297,1297,36.5,0
1298,1298,36.5,0
1299,1299,36.5,0
1300,1300,36.5,0
1301,1301,36.5,0
1302,1302,36.5,0
1303,1303,36.5,0
1304,1304,21.93576,25.12848
1305,1305,5.39435,23.78689
1306,1306,24.2804,20.4392
1307,1307,34.5,0
1308,1308,14.82829,39.34341
1309,1309,34.5,0
1310,1310,34.5,0
1311,1311,34.5,0
1312,1312,36.5,0
1313,1313,25.61441,21.77118
1314,1314,36.5,0
1315,1315,26.68131,19.63737
1316,1316,36.5,0
1317,1317,36.5,0
1318,1318,36.5,0
1319,1319,36.5,0
1320,1320,36.5,0
1321,1321,36.5,0
1322,1322,36.5,0
1323,1323,36.5,0
1324,1324,36.5,0
1325,1325,36.5,0
1326,1326,36.5,0
1327,1327,36.5,0
1328,1328,23.47234,26.05532
1329,1329,36.5,0
1330,1330,36.5,0
1331,1331,36.5,0
1332,1332,36.5,0
1333,1333,36.5,0
1334,1334,36.4,0.2
1335,1335,36.5,0
1336,1336,36.5,0
1337,1337,36.4,0.2
1338,1338,36.5,0
1339,1339,36.5,0
1340,1340,36.5,0
1341,1341,36.5,0
1342,1342,36.5,0
1343,1343,36.5,0
1344,1344,36.5,0
1345,1345,36.5,0
1346,1346,15.85044,41.29912
1347,1347,36.5,0
1348,1348,36.5,0
1349,1349,36.5,0
1350,1350,36.5,0
1351,1351,36.5,0
1352,1352,36.5,0
1353,1353,36.5,0
1354,1354,36.5,0
1355,1355,36.4,0.2
1356,1356,36.5,0
1357,1357,36.5,0
1358,1358,36.4,0.2
1359,1359,36.5,0
1360,1360,36.5,0
1361,1361,36.5,0
1362,1362,36.5,0
1363,1363,36.5,0
1364,1364,36.5,0
1365,1365,36.4,0.2
1366,1366,36.5,0
1367,1367,36.4,0.2
1368,1368,36.5,0
1369,1369,36.5,0
1370,1370,25.30039,22.39922
1371,1371,36.5,0
1372,1372,36.4,0.2
1373,1373,36.5,0
1374,1374,36.5,0
1375,1375,36.5,0
1376,1376,36.5,0
1377,1377,36.5,0
1378,1378,36.5,0
1379,1379,15.97202,41.05596
1380,1380,36.5,0
1381,1381,36.5,0
1382,1382,36.5,0
1383,1383,15.02675,42.94651
1384,1384,36.5,0
1385,1385,26.22129,20.55742
1386,1386,36.4,0.2
1387,1387,36.4,0.2
1388,1388,36.5,0
1389,1389,36.5,0
1390,1390,36.5,0
1391,1391,36.4,0.2
1392,1392,36.5,0
1393,1393,36.5,0
1394,1394,36.4,0.2
1395,1395,36.5,0
1396,1396,36.5,0
1397,1397,36.5,0
1398,1398,36.5,0
1399,1399,36.5,0
1400,1400,36.4,0.2
1401,1401,36.5,0
1402,1402,36.5,0
1403,1403,36.5,0
1404,1404,26.5167,19.96659
1405,1405,36.5,0
1406,1406,36.5,0
1407,1407,36.5,0
1408,1408,15.68616,41.62768
1409,1409,36.5,0
1410,1410,36.5,0
1411,1411,16.50993,39.98013
1412,1412,36.5,0
1413,1413,36.4,0.2
1414,1414,36.5,0
1415,1415,36.5,0
1416,1416,36.5,0
1417,1417,25.64796,21.70408
1418,1418,36.5,0
1419,1419,36.4,0.2
1420,1420,36.5,0
1421,1421,36.5,0
1422,1422,36.5,0
1423,1423,36.5,0
1424,1424,18.05452,36.89096
1425,1425,36.5,0
1426,1426,36.5,0
1427,1427,36.5,0
1428,1428,36.5,0
1429,1429,36.5,0
1430,1430,36.5,0
1431,1431,36.3,0.24495
1432,1432,26.24914,20.50171
1433,1433,36.5,0
1434,1434,36.5,0
1435,1435,36.4,0.2
1436,1436,36.5,0
1437,1437,25.93447,21.13105
1438,1438,36.5,0
1439,1439,36.5,0
1440,1440,36.4,0.2
1441,1441,36.5,0
1442,1442,36.4,0.2
1443,1443,36.5,0
1444,1444,36.5,0
1445,1445,36.5,0
1446,1446,36.5,0
1447,1447,36.5,0
1448,1448,36.5,0
1449,1449,36.3,0.24495
1450,1450,36.4,0.2
1451,1451,25.50516,21.98969
1452,1452,36.4,0.2
1453,1453,36.5,0
1454,1454,26.2328,20.5344
1455,1455,36.5,0
1456,1456,36.5,0
1457,1457,36.3,0.24495
1458,1458,36.5,0
1459,1459,36.5,0
1460,1460,36.5,0
1461,1461,36.5,0
1462,1462,36.5,0
1463,1463,36.5,0
1464,1464,36.4,0.2
1465,1465,36.5,0
1466,1466,36.5,0
1467,1467,36.5,0
1468,1468,36.4,0.2
1469,1469,25.42644,22.14711
1470,1470,36.4,0.2
1471,1471,36.5,0
1472,1472,36.5,0
1473,1473,36.5,0
1474,1474,36.5,0
1475,1475,36.5,0
1476,1476,36.5,0
1477,1477,36.5,0
1478,1478,36.5,0
1479,1479,36.5,0
1480,1480,36.5,0
1481,1481,36.5,0
1482,1482,36.5,0
1483,1483,36.5,0
1484,1484,36.5,0
1485,1485,36.4,0.2
1486,1486,36.5,0
1487,1487,36.5,0
1488,1488,36.5,0
1489,1489,36.5,0
1490,1490,36.3,0.24495
1491,1491,36.5,0
1492,1492,36.5,0
1493,1493,36.5,0
1494,1494,36.5,0
1495,1495,36.3,0.24495
1496,1496,36.5,0
1497,1497,36.5,0
1498,1498,36.5,0
1499,1499,26.55152,19.64791
1500,1500,36.5,0
1501,1501,36.5,0
1502,1502,25.76261,21.47479
1503,1503,36.5,0
1504,1504,25.6396,21.7208
1505,1505,36.5,0
1506,1506,16.45537,39.83973
1507,1507,36.5,0
1508,1508,36.5,0
1509,1509,36.5,0
1510,1510,26.25585,20.48831
1511,1511,36.3,0.24495
1512,1512,36.5,0
1513,1513,36.5,0
1514,1514,36.5,0
1515,1515,36.5,0
1516,1516,36.5,0
1517,1517,36.5,0
1518,1518,36.5,0
1519,1519,36.5,0
1520,1520,36.5,0
1521,1521,25.42388,22.15225
1522,1522,36.5,0
1523,1523,36.5,0
1524,1524,36.5,0
1525,1525,36.4,0.2
1526,1526,36.5,0
1527,1527,36.5,0
1528,1528,36.5,0
1529,1529,36.5,0
1530,1530,36.5,0
1531,1531,36.5,0
1532,1532,36.5,0
1533,1533,36.5,0
1534,1534,27.02193,18.95614
1535,1535,26.07954,20.84091
1536,1536,36.5,0
1537,1537,36.5,0
1538,1538,36.5,0
1539,1539,36.4,0.2
1540,1540,36.5,0
1541,1541,36.5,0
1542,1542,36.5,0
1543,1543,36.5,0
1544,1544,36.5,0
1545,1545,25.49442,22.01116
1546,1546,36.4,0.2
1547,1547,25.75076,21.49847
1548,1548,36.5,0
1549,1549,36.5,0
1550,1550,36.5,0
1551,1551,36.5,0
1552,1552,36.5,0
1553,1553,36.5,0
1554,1554,36.5,0
1555,1555,36.5,0
1556,1556,36.5,0
1557,1557,36.4,0.2
1558,1558,36.5,0
1559,1559,36.5,0
1560,1560,36.5,0
1561,1561,36.5,0
1562,1562,36.5,0
1563,1563,36.5,0
1564,1564,25.62453,21.75094
1565,1565,36.5,0
1566,1566,36.5,0
1567,1567,36.5,0
1568,1568,36.5,0
1569,1569,36.5,0
1570,1570,36,0.63246
1571,1571,36.3,0.24495
1572,1572,36.4,0.2
1573,1573,36.3,0.24495
1574,1574,36.5,0
1575,1575,36.5,0
1576,1576,36.4,0.2
1577,1577,36.3,0.24495
1578,1578,36.3,0.24495
1579,1579,36.3,0.24495
1580,1580,36.5,0
1581,1581,36.4,0.2
1582,1582,36.5,0
1583,1583,26.49517,20.00966
1584,1584,36.4,0.2
1585,1585,36.5,0
1586,1586,36.1,0.2
1587,1587,36.4,0.2
1588,1588,36.5,0
1589,1589,36,0
1590,1590,15.91932,40.16136
1591,1591,36,0
1592,1592,36,0
1593,1593,36,0
1594,1594,36,0
1595,1595,25.84231,20.31538
1596,1596,36,0
1597,1597,36,0
1598,1598,36,0
1599,1599,36,0
1600,1600,36,0
1601,1601,15.35418,41.29164
1602,1602,36,0
1603,1603,36,0
1604,1604,36,0
1605,1605,25.615,20.77
1606,1606,5.15641,40.63988
1607,1607,36,0
1608,1608,26.687,18.62601
1609,1609,12.97996,45.54062
1610,1610,25.98335,19.53457
1611,1611,35.5,0.63246
1612,1612,36,0
1613,1613,36,0
1614,1614,0.65471,43.48141
1615,1615,36,0
1616,1616,36,0
1617,1617,36,0
1618,1618,15.62321,40.75357
1619,1619,15.16762,41.66476
1620,1620,36,0
1621,1621,36,0
1622,1622,36,0
1623,1623,19.37195,33.25611
1624,1624,25.08523,21.82954
1625,1625,-0.43898,52.06656
1626,1626,25.74361,20.51278
1627,1627,36,0
1628,1628,36.1,0.2
1629,1629,36,0
1630,1630,36,0
1631,1631,25.88666,20.22668
1632,1632,36,0
1633,1633,36,0
1634,1634,36,0
1635,1635,36,0
1636,1636,36,0
1637,1637,36,0
1638,1638,36,0
1639,1639,36,0
1640,1640,14.03967,43.92065
1641,1641,36,0
1642,1642,36,0
1643,1643,36,0
1644,1644,36,0
1645,1645,25.81614,20.36772
1646,1646,25.90335,20.19329
1647,1647,6.1143,39.5175
1648,1648,36,0
1649,1649,36.2,0.24495
1650,1650,25.94797,21.10407
1651,1651,36.5,0
1652,1652,36.5,0
1653,1653,36.5,0
1654,1654,36.5,0
1655,1655,36.5,0
1656,1656,36.5,0
1657,1657,36.5,0
1658,1658,36.5,0
1659,1659,36.5,0
1660,1660,36.4,0.2
1661,1661,36.5,0
1662,1662,36.5,0
1663,1663,36.5,0
1664,1664,36.5,0
1665,1665,36.5,0
1666,1666,36.5,0
1667,1667,36.5,0
1668,1668,36.5,0
1669,1669,36.5,0
1670,1670,36.5,0
1671,1671,36.5,0
1672,1672,36.5,0
1673,1673,36.5,0
1674,1674,36.5,0
1675,1675,36.5,0
1676,1676,29.23878,14.52245
1677,1677,36.5,0
1678,1678,36.5,0
1679,1679,16.70947,39.58107
1680,1680,36.5,0
1681,1681,36.5,0
1682,1682,36.5,0
1683,1683,36.3,0.4
1684,1684,36.5,0
1685,1685,36.5,0
1686,1686,36.5,0
1687,1687,36.5,0
1688,1688,29.04978,14.90043
1689,1689,36.5,0
1690,1690,36.5,0
1691,1691,17.7746,37.45081
1692,1692,36.5,0
1693,1693,36.5,0
1694,1694,36.5,0
1695,1695,36.4,0.2
1696,1696,36.5,0
1697,1697,36.5,0
1698,1698,36.4,0.2
1699,1699,36.5,0
1700,1700,36.5,0
1701,1701,36.4,0.2
1702,1702,36.5,0
1703,1703,36.5,0
1704,1704,36.5,0
1705,1705,36.5,0
1706,1706,36.5,0
1707,1707,36.4,0.2
1708,1708,36.4,0.2
1709,1709,36.5,0
1710,1710,36.4,0.2
1711,1711,6.00155,60.9969
1712,1712,36.5,0
1713,1713,36.5,0
1714,1714,36.5,0
1715,1715,17.18222,38.38605
1716,1716,36.5,0
1717,1717,36.5,0
1718,1718,17.9364,37.12719
1719,1719,36.5,0
1720,1720,26.28589,20.42822
1721,1721,6.22374,60.55252
1722,1722,36.4,0.2
1723,1723,36.5,0
1724,1724,18.05178,36.89643
1725,1725,36.5,0
1726,1726,36.5,0
1727,1727,36.5,0
1728,1728,36.5,0
1729,1729,36.5,0
1730,1730,17.94013,37.11973
1731,1731,17.63826,37.22414
1732,1732,36.5,0
1733,1733,36.5,0
1734,1734,36.5,0
1735,1735,36.5,0
1736,1736,36.5,0
1737,1737,36.5,0
1738,1738,36.5,0
1739,1739,36.5,0
1740,1740,36.5,0
1741,1741,26.75284,19.49432
1742,1742,36.5,0
1743,1743,36.5,0
1744,1744,36.5,0
1745,1745,36.4,0.2
1746,1746,36.5,0
1747,1747,36.3,0.4
1748,1748,17.94112,37.11776
1749,1749,36.5,0
1750,1750,-0.79158,45.67309
1751,1751,36.5,0
1752,1752,36.5,0
1753,1753,36.5,0
1754,1754,36.5,0
1755,1755,36.5,0
1756,1756,36.5,0
1757,1757,36.5,0
1758,1758,36.5,0
1759,1759,36.5,0
1760,1760,36.5,0
1761,1761,36.5,0
1762,1762,36.5,0
1763,1763,36.5,0
1764,1764,36.4,0.2
1765,1765,36.5,0
1766,1766,36.5,0
1767,1767,36.5,0
1768,1768,36.5,0
1769,1769,36.5,0
1770,1770,36.5,0
1771,1771,36.4,0.2
1772,1772,36.5,0
1773,1773,14.11263,44.77473
1774,1774,36.5,0
1775,1775,16.14337,40.71326
1776,1776,36.5,0
1777,1777,36.5,0
1778,1778,36.5,0
1779,1779,36.5,0
1780,1780,36.5,0
1781,1781,18.7127,35.5746
1782,1782,19.26732,34.46536
1783,1783,36.5,0
1784,1784,11.34243,50.06552
1785,1785,36.5,0
1786,1786,36.5,0
1787,1787,28.99971,15.00058
1788,1788,36.5,0
1789,1789,36.5,0
1790,1790,36.5,0
1791,1791,36.5,0
1792,1792,36.5,0
1793,1793,36.4,0.2
1794,1794,36.4,0.2
1795,1795,36.5,0
1796,1796,36.5,0
1797,1797,36.5,0
1798,1798,36.5,0
1799,1799,36.5,0
1800,1800,26.28149,20.43701
1801,1801,36.5,0
1802,1802,17.1515,38.69699
1803,1803,18.32249,36.35502
1804,1804,36.5,0
1805,1805,36.5,0
1806,1806,36.4,0.2
1807,1807,26.59013,19.81973
1808,1808,36.5,0
1809,1809,36.5,0
1810,1810,36.5,0
1811,1811,36.5,0
1812,1812,36.5,0
1813,1813,36.5,0
1814,1814,18.74276,22.25323
1815,1815,36.5,0
1816,1816,36.5,0
1817,1817,36.5,0
1818,1818,36.5,0
1819,1819,29.19826,14.60348
1820,1820,36.5,0
1821,1821,19.44225,34.11551
1822,1822,36.5,0
1823,1823,36.5,0
1824,1824,36.5,0
1825,1825,36.5,0
1826,1826,36.5,0
1827,1827,18.11059,36.77881
1828,1828,36.5,0
1829,1829,36.5,0
1830,1830,36.5,0
1831,1831,36.5,0
1832,1832,36.5,0
1833,1833,36.5,0
1834,1834,36.5,0
1835,1835,36.5,0
1836,1836,36.5,0
1837,1837,36.5,0
1838,1838,36.5,0
1839,1839,36.5,0
1840,1840,36.5,0
1841,1841,36.5,0
1842,1842,36.5,0
1843,1843,36.5,0
1844,1844,36.5,0
1845,1845,36.8,0.24495
1846,1846,15.78396,42.43208
1847,1847,17.29385,39.4123
1848,1848,37,0
1849,1849,37,0
1850,1850,27.86511,18.02082
1851,1851,36.5,0.63246
1852,1852,25.9479,18.35523
1853,1853,36.8,0.24495
1854,1854,36.4,0.2
1855,1855,16.99398,39.01203
1856,1856,36.5,0
1857,1857,36.5,0
1858,1858,36.4,0.2
1859,1859,36.5,0
1860,1860,36.5,0
1861,1861,36.3,0.24495
1862,1862,18.45307,35.59457
1863,1863,35.9,0.37417
1864,1864,36,0
1865,1865,18.13243,36.73514
1866,1866,36.3,0.24495
1867,1867,20.4,5.97829
1868,1868,36.1,0.2
1869,1869,36.4,0.2
1870,1870,36.1,0.2
1871,1871,36.1,0.2
1872,1872,36.2,0.24495
1873,1873,36.1,0.2
1874,1874,36,0
1875,1875,36,0
1876,1876,36.1,0.2
1877,1877,36.2,0.24495
1878,1878,36.1,0.2
1879,1879,36,0
1880,1880,36.1,0.2
1881,1881,36,0
1882,1882,36.1,0.2
1883,1883,36.1,0.2
1884,1884,36,0
1885,1885,35.9,0.2
1886,1886,36,0
1887,1887,36.1,0.2
1888,1888,36,0
1889,1889,36,0
1890,1890,36,0
1891,1891,36,0
1892,1892,36,0
1893,1893,36,0
1894,1894,36,0
1895,1895,36.1,0.2
1896,1896,36,0
1897,1897,36,0
1898,1898,36,0
1899,1899,36.1,0.2
1900,1900,36.1,0.2
1901,1901,36,0
1902,1902,36,0
1903,1903,36,0
1904,1904,36,0
1905,1905,36,0
1906,1906,36,0
1907,1907,36.1,0.2
1908,1908,36,0
1909,1909,36,0
1910,1910,36,0
1911,1911,36,0
1912,1912,36,0
1913,1913,36,0
1914,1914,36,0
1915,1915,26.55406,18.89188
1916,1916,36,0
1917,1917,16.65454,38.44141
1918,1918,36.1,0.2
1919,1919,36,0
1920,1920,36,0
1921,1921,36,0
1922,1922,36.1,0.2
1923,1923,26.26516,19.46968
1924,1924,35.8,0.24495
1925,1925,35.9,0.2
1926,1926,36,0
1927,1927,36,0
1928,1928,36,0
1929,1929,21.5061,28.9878
1930,1930,24.46994,23.06012
1931,1931,36,0
1932,1932,13.52178,44.95643
1933,1933,36,0
1934,1934,36,0
1935,1935,36.1,0.2
1936,1936,36.3,0.24495
1937,1937,36.1,0.2
1938,1938,36.3,0.24495
1939,1939,18.45492,35.59087
1940,1940,36.5,0
1941,1941,36.3,0.24495
1942,1942,36.4,0.2
1943,1943,36.3,0.24495
1944,1944,36.3,0.24495
1945,1945,36.2,0.24495
1946,1946,36,0
1947,1947,36.2,0.24495
1948,1948,36.3,0.24495
1949,1949,36,0
1950,1950,36,0
1951,1951,36,0
1952,1952,36,0.31623
1953,1953,36,0
1954,1954,36.2,0.24495
1955,1955,24.92623,22.14755
1956,1956,36,0
1957,1957,36,0
1958,1958,36.1,0.2
1959,1959,36,0
1960,1960,36,0
1961,1961,36,0
1962,1962,36.3,0.4
1963,1963,36.5,0
1964,1964,36.5,0
1965,1965,36.5,0
1966,1966,36.5,0
1967,1967,36.5,0
1968,1968,36.5,0
1969,1969,36.5,0
1970,1970,36.5,0
1971,1971,36.4,0.2
1972,1972,36.5,0
1973,1973,36.5,0
1974,1974,36.5,0
1975,1975,36.5,0
1976,1976,36.5,0
1977,1977,36.5,0
1978,1978,36.5,0
1979,1979,36.5,0
1980,1980,36.5,0
1981,1981,36.5,0
1982,1982,36.5,0
1983,1983,36.5,0
1984,1984,36.5,0
1985,1985,36.5,0
1986,1986,36.5,0
1987,1987,36.5,0
1988,1988,36.5,0
1989,1989,36.5,0
1990,1990,36.5,0
1991,1991,36.5,0
1992,1992,36.5,0
1993,1993,36.5,0
1994,1994,36.5,0
1995,1995,36.5,0
1996,1996,36.5,0
1997,1997,36.5,0
1998,1998,36.5,0
1999,1999,36.5,0
